date_dep,counts_dep,counts_withdrawals,counts_sessions,counts_games,counts_reg
44549.625,229,28,108,1585,0
2021-12-19 16:00:00,87,54,373,3385,0
2021-12-20 15:00:00,185,38,446,2700,0
2021-12-20 16:00:00,113,46,472,3061,0
2021-12-21 15:00:00,258,43,582,1586,0
2021-12-21 16:00:00,151,41,579,2795,0
2021-12-21 17:00:00,141,37,629,1237,0
2021-12-22 16:00:00,135,54,557,2022,0
2021-12-19 00:00:00,9,1,614,698,0
2021-12-19 01:00:00,23,7,613,754,0
2021-12-19 02:00:00,43,5,711,729,0
2021-12-19 03:00:00,35,13,483,789,0
2021-12-19 04:00:00,47,11,527,817,0
2021-12-19 05:00:00,51,17,590,1300,0
2021-12-19 06:00:00,64,18,712,3148,0
2021-12-19 07:00:00,59,20,662,2241,0
2021-12-19 08:00:00,56,11,454,2482,0
2021-12-19 09:00:00,65,17,293,2998,0
2021-12-19 10:00:00,67,24,256,3553,0
2021-12-19 11:00:00,98,19,130,2747,0
2021-12-19 12:00:00,94,16,110,3185,0
2021-12-19 13:00:00,140,18,65,2064,0
2021-12-19 14:00:00,238,21,89,3651,0
2021-12-19 17:00:00,75,25,88,3694,0
2021-12-19 18:00:00,54,21,156,4255,0
2021-12-19 19:00:00,39,15,416,3322,0
2021-12-19 20:00:00,25,10,468,2644,0
2021-12-19 21:00:00,22,9,513,3094,0
2021-12-19 22:00:00,36,7,612,1448,0
2021-12-19 23:00:00,9,6,702,2927,0
2021-12-20 00:00:00,19,4,873,1394,0
2021-12-20 01:00:00,24,6,795,2070,0
2021-12-20 02:00:00,31,9,1027,921,0
2021-12-20 03:00:00,52,13,896,549,0
2021-12-20 04:00:00,31,7,1052,584,0
2021-12-20 05:00:00,63,13,792,806,0
2021-12-20 06:00:00,78,14,898,996,0
2021-12-20 07:00:00,85,20,1063,1161,0
2021-12-20 08:00:00,104,21,808,3276,0
2021-12-20 09:00:00,64,21,719,2484,0
2021-12-20 10:00:00,108,23,604,2678,0
2021-12-20 11:00:00,138,21,405,2990,0
2021-12-20 12:00:00,117,32,336,3298,0
2021-12-20 13:00:00,171,26,196,2469,0
2021-12-20 14:00:00,189,24,114,3552,0
2021-12-20 17:00:00,102,30,95,2422,0
2021-12-20 18:00:00,84,21,46,3389,0
2021-12-20 19:00:00,34,14,86,3151,0
2021-12-20 20:00:00,16,13,183,3892,0
2021-12-20 21:00:00,21,7,495,3041,0
2021-12-20 22:00:00,20,3,635,2824,0
2021-12-20 23:00:00,13,3,667,3544,0
2021-12-21 00:00:00,28,7,806,1836,0
2021-12-21 01:00:00,53,13,759,2686,0
2021-12-21 02:00:00,55,12,1032,1176,0
2021-12-21 03:00:00,66,10,1047,1521,0
2021-12-21 04:00:00,87,19,1140,605,0
2021-12-21 05:00:00,86,19,1067,396,0
2021-12-21 06:00:00,110,17,1084,572,0
2021-12-21 07:00:00,113,31,834,928,0
2021-12-21 08:00:00,131,24,946,907,0
2021-12-21 09:00:00,88,27,882,1201,0
2021-12-21 10:00:00,104,31,887,2959,0
2021-12-21 11:00:00,96,30,770,2182,0
2021-12-21 12:00:00,86,28,594,2185,0
2021-12-21 13:00:00,141,27,648,2923,0
2021-12-21 14:00:00,280,21,394,3432,0
2021-12-21 18:00:00,69,38,333,2392,0
2021-12-21 19:00:00,57,19,111,3471,0
2021-12-21 20:00:00,4,11,66,1906,0
2021-12-21 21:00:00,17,6,61,3447,0
2021-12-21 22:00:00,10,7,105,3782,0
2021-12-21 23:00:00,23,5,173,3648,0
2021-12-22 00:00:00,25,2,531,2810,0
2021-12-22 01:00:00,54,9,605,2569,0
2021-12-22 02:00:00,63,11,743,2809,0
2021-12-22 03:00:00,73,14,834,1481,0
2021-12-22 04:00:00,106,27,854,2229,0
2021-12-22 05:00:00,121,36,1039,1034,0
2021-12-22 06:00:00,120,25,955,1385,0
2021-12-22 07:00:00,117,29,1084,569,0
2021-12-22 08:00:00,106,31,1167,646,0
2021-12-22 09:00:00,116,29,1262,750,0
2021-12-22 10:00:00,104,25,985,933,0
2021-12-22 11:00:00,119,28,1035,1206,0
2021-12-22 12:00:00,143,22,921,1872,0
2021-12-22 13:00:00,153,33,865,2783,0
2021-12-22 14:00:00,285,33,1131,2094,0
2021-12-22 15:00:00,241,32,572,2583,0
2021-12-22 17:00:00,120,47,467,2911,0
2021-12-23 16:00:00,161,54,1274,3602,0
2021-12-23 17:00:00,165,39,527,2739,0
2021-12-24 16:00:00,204,56,143,3344,0
2021-12-24 17:00:00,161,48,96,2219,0
2021-12-25 16:00:00,183,53,64,3184,0
2021-12-25 17:00:00,122,55,107,2827,0
2021-12-26 16:00:00,146,65,175,3108,0
2021-12-22 18:00:00,66,21,478,2554,0
2021-12-22 19:00:00,51,22,583,2014,0
2021-12-22 20:00:00,8,7,749,2262,0
2021-12-22 21:00:00,19,5,835,1727,0
2021-12-22 22:00:00,14,5,871,3382,0
2021-12-22 23:00:00,21,6,1181,1491,0
2021-12-23 00:00:00,20,8,1003,2267,0
2021-12-23 01:00:00,54,2,1018,500,0
2021-12-23 02:00:00,59,17,1021,466,0
2021-12-23 03:00:00,88,9,1137,525,0
2021-12-23 04:00:00,81,20,878,786,0
2021-12-23 05:00:00,107,30,927,1017,0
2021-12-23 06:00:00,113,20,882,1336,0
2021-12-23 07:00:00,149,34,899,3085,0
2021-12-23 08:00:00,118,47,1189,2540,0
2021-12-23 09:00:00,89,32,631,2918,0
2021-12-23 10:00:00,111,26,539,3513,0
2021-12-23 11:00:00,112,28,384,3969,0
2021-12-23 12:00:00,119,24,223,2600,0
2021-12-23 13:00:00,138,32,132,3290,0
2021-12-23 14:00:00,338,32,88,2260,0
2021-12-23 15:00:00,293,35,66,3661,0
2021-12-23 18:00:00,111,41,88,3773,0
2021-12-23 19:00:00,90,28,246,3884,0
2021-12-23 20:00:00,15,11,541,3310,0
2021-12-23 21:00:00,30,11,605,2620,0
2021-12-23 22:00:00,28,9,687,3453,0
2021-12-23 23:00:00,13,9,792,1723,0
2021-12-24 00:00:00,29,7,791,3100,0
2021-12-24 01:00:00,43,6,1036,1049,0
2021-12-24 02:00:00,79,22,1026,2332,0
2021-12-24 03:00:00,70,16,1069,1019,0
2021-12-24 04:00:00,79,30,1026,670,0
2021-12-24 05:00:00,91,21,1257,716,0
2021-12-24 06:00:00,104,32,883,777,0
2021-12-24 07:00:00,102,32,962,1046,0
2021-12-24 08:00:00,152,23,888,1536,0
2021-12-24 09:00:00,103,31,898,3428,0
2021-12-24 10:00:00,114,22,850,2925,0
2021-12-24 11:00:00,119,39,686,3278,0
2021-12-24 12:00:00,125,28,480,3035,0
2021-12-24 13:00:00,148,21,419,3566,0
2021-12-24 14:00:00,323,48,373,2584,0
2021-12-24 15:00:00,293,45,216,3770,0
2021-12-24 18:00:00,109,41,120,2344,0
2021-12-24 19:00:00,79,27,52,3784,0
2021-12-24 20:00:00,29,21,99,4506,0
2021-12-24 21:00:00,16,6,148,4488,0
2021-12-24 22:00:00,18,8,482,4428,0
2021-12-24 23:00:00,13,4,587,3293,0
2021-12-25 00:00:00,22,5,761,4820,0
2021-12-25 01:00:00,47,13,877,1759,0
2021-12-25 02:00:00,57,11,882,4597,0
2021-12-25 03:00:00,98,22,1130,1851,0
2021-12-25 04:00:00,88,29,1002,4202,0
2021-12-25 05:00:00,119,32,1143,997,0
2021-12-25 06:00:00,137,33,1199,533,0
2021-12-25 07:00:00,160,38,1184,538,0
2021-12-25 08:00:00,136,25,1017,778,0
2021-12-25 09:00:00,151,31,974,865,0
2021-12-25 10:00:00,110,40,927,1459,0
2021-12-25 11:00:00,140,45,834,2829,0
2021-12-25 12:00:00,124,29,927,2711,0
2021-12-25 13:00:00,152,32,590,3150,0
2021-12-25 14:00:00,204,35,534,3314,0
2021-12-25 15:00:00,234,39,536,3659,0
2021-12-25 18:00:00,98,32,349,2724,0
2021-12-25 19:00:00,65,20,163,3354,0
2021-12-25 20:00:00,3,10,97,2618,0
2021-12-25 21:00:00,28,9,66,3692,0
2021-12-25 22:00:00,17,5,148,3565,0
2021-12-25 23:00:00,13,5,198,3932,0
2021-12-26 00:00:00,24,3,456,3764,0
2021-12-26 01:00:00,30,6,609,2795,0
2021-12-26 02:00:00,76,11,729,3455,0
2021-12-26 03:00:00,81,24,951,1628,0
2021-12-26 04:00:00,106,22,960,3021,0
2021-12-26 05:00:00,129,25,1205,1412,0
2021-12-26 06:00:00,159,25,1073,2342,0
2021-12-26 07:00:00,142,36,1293,702,0
2021-12-26 08:00:00,123,32,1144,556,0
2021-12-26 09:00:00,144,37,1242,607,0
2021-12-26 10:00:00,139,39,993,685,0
2021-12-26 11:00:00,138,39,1247,894,0
2021-12-26 12:00:00,148,38,1001,1123,0
2021-12-26 13:00:00,172,36,1045,3144,0
2021-12-26 14:00:00,340,41,1055,2492,0
2021-12-26 15:00:00,306,47,717,2833,0
2021-12-26 17:00:00,159,52,558,3148,0
2021-12-27 16:00:00,203,64,577,3526,0
2021-12-27 17:00:00,184,64,367,2478,0
2021-12-28 16:00:00,245,68,146,3107,0
2021-12-28 17:00:00,165,60,76,2240,0
2021-12-29 16:00:00,179,59,68,3228,0
2021-12-29 17:00:00,151,54,91,3523,0
2021-12-30 16:00:00,242,65,228,3552,0
2021-12-26 18:00:00,131,45,565,3358,0
2021-12-26 19:00:00,51,22,635,2900,0
2021-12-26 20:00:00,37,16,828,3386,0
2021-12-26 21:00:00,26,10,972,1449,0
2021-12-26 22:00:00,25,10,946,2796,0
2021-12-26 23:00:00,30,11,1133,914,0
2021-12-27 00:00:00,43,11,1132,1976,0
2021-12-27 01:00:00,34,8,1277,586,0
2021-12-27 02:00:00,68,13,1196,513,0
2021-12-27 03:00:00,96,28,1300,461,0
2021-12-27 04:00:00,68,20,1062,580,0
2021-12-27 05:00:00,126,25,1093,911,0
2021-12-27 06:00:00,103,40,1097,1090,0
2021-12-27 07:00:00,148,35,1321,2858,0
2021-12-27 08:00:00,125,37,1156,1813,0
2021-12-27 09:00:00,126,41,719,2247,0
2021-12-27 10:00:00,137,33,594,2526,0
2021-12-27 11:00:00,171,32,659,3164,0
2021-12-27 12:00:00,163,41,386,2381,0
2021-12-27 13:00:00,186,55,165,3335,0
2021-12-27 14:00:00,446,51,154,2385,0
2021-12-27 15:00:00,377,53,90,3142,0
2021-12-27 18:00:00,118,34,132,3307,0
2021-12-27 19:00:00,64,25,270,3606,0
2021-12-27 20:00:00,21,16,694,3353,0
2021-12-27 21:00:00,43,13,700,2474,0
2021-12-27 22:00:00,25,19,844,2762,0
2021-12-27 23:00:00,35,5,1050,1204,0
2021-12-28 00:00:00,43,9,1046,2800,0
2021-12-28 01:00:00,80,15,1219,786,0
2021-12-28 02:00:00,99,27,1174,1753,0
2021-12-28 03:00:00,107,21,1197,465,0
2021-12-28 04:00:00,108,34,1319,594,0
2021-12-28 05:00:00,140,36,1559,762,0
2021-12-28 06:00:00,157,41,1295,792,0
2021-12-28 07:00:00,123,35,1153,836,0
2021-12-28 08:00:00,105,33,1063,1288,0
2021-12-28 09:00:00,147,35,1217,1892,0
2021-12-28 10:00:00,155,40,1242,2384,0
2021-12-28 11:00:00,145,39,1083,2280,0
2021-12-28 12:00:00,180,32,637,2782,0
2021-12-28 13:00:00,187,45,751,3408,0
2021-12-28 14:00:00,422,51,450,2378,0
2021-12-28 15:00:00,336,55,194,3123,0
2021-12-28 18:00:00,143,50,194,2015,0
2021-12-28 19:00:00,94,33,120,3062,0
2021-12-28 20:00:00,32,10,121,3127,0
2021-12-28 21:00:00,52,13,188,3866,0
2021-12-28 22:00:00,35,9,550,3421,0
2021-12-28 23:00:00,23,10,733,2783,0
2021-12-29 00:00:00,14,3,891,3126,0
2021-12-29 01:00:00,33,14,1010,1530,0
2021-12-29 02:00:00,70,13,950,2481,0
2021-12-29 03:00:00,105,37,1189,1220,0
2021-12-29 04:00:00,132,25,1194,2249,0
2021-12-29 05:00:00,129,31,1262,626,0
2021-12-29 06:00:00,156,37,1246,696,0
2021-12-29 07:00:00,140,41,1404,688,0
2021-12-29 08:00:00,128,38,1182,837,0
2021-12-29 09:00:00,118,39,1294,856,0
2021-12-29 10:00:00,161,30,1111,1561,0
2021-12-29 11:00:00,151,48,1110,2729,0
2021-12-29 12:00:00,188,47,1116,2245,0
2021-12-29 13:00:00,222,46,637,2453,0
2021-12-29 14:00:00,298,46,520,2751,0
2021-12-29 15:00:00,299,44,593,3246,0
2021-12-29 18:00:00,113,34,437,2473,0
2021-12-29 19:00:00,79,28,156,3090,0
2021-12-29 20:00:00,40,11,127,2011,0
2021-12-29 21:00:00,48,10,131,3345,0
2021-12-29 22:00:00,47,14,163,3725,0
2021-12-29 23:00:00,43,10,243,3298,0
2021-12-30 00:00:00,48,11,594,3305,0
2021-12-30 01:00:00,41,15,701,2832,0
2021-12-30 02:00:00,84,23,912,3152,0
2021-12-30 03:00:00,102,19,1008,1423,0
2021-12-30 04:00:00,104,19,973,2457,0
2021-12-30 05:00:00,125,30,1353,1135,0
2021-12-30 06:00:00,153,32,1215,1892,0
2021-12-30 07:00:00,114,27,1346,796,0
2021-12-30 08:00:00,175,35,1296,630,0
2021-12-30 09:00:00,153,40,1370,413,0
2021-12-30 10:00:00,173,54,1102,737,0
2021-12-30 11:00:00,189,31,1168,968,0
2021-12-30 12:00:00,177,55,1053,1424,0
2021-12-30 13:00:00,211,32,1059,2729,0
2021-12-30 14:00:00,316,47,1147,2574,0
2021-12-30 15:00:00,285,39,716,2914,0
2021-12-30 17:00:00,202,56,562,3372,0
2021-12-31 16:00:00,150,34,609,3533,0
2021-12-31 17:00:00,172,47,437,2366,0
2022-01-01 16:00:00,178,51,257,3006,0
2022-01-01 17:00:00,137,40,101,1943,0
2022-01-02 16:00:00,188,55,90,2865,0
2022-01-02 17:00:00,169,59,100,3287,0
2022-01-03 16:00:00,192,53,178,3218,0
2021-12-30 18:00:00,155,56,572,2859,0
2021-12-30 19:00:00,149,44,706,2258,0
2021-12-30 20:00:00,58,23,776,2902,0
2021-12-30 21:00:00,5,8,962,1469,0
2021-12-30 22:00:00,28,11,1006,2688,0
2021-12-30 23:00:00,41,8,1253,845,0
2021-12-31 00:00:00,51,9,1157,1763,0
2021-12-31 01:00:00,70,14,1333,679,0
2021-12-31 02:00:00,81,24,1150,481,0
2021-12-31 03:00:00,96,20,1214,571,0
2021-12-31 04:00:00,62,24,1073,504,0
2021-12-31 05:00:00,91,14,1163,796,0
2021-12-31 06:00:00,139,21,982,1425,0
2021-12-31 07:00:00,158,30,953,2494,0
2021-12-31 08:00:00,160,42,786,2153,0
2021-12-31 09:00:00,178,33,792,2656,0
2021-12-31 10:00:00,163,45,738,3011,0
2021-12-31 11:00:00,174,37,726,3444,0
2021-12-31 12:00:00,157,45,470,2311,0
2021-12-31 13:00:00,163,49,213,2967,0
2021-12-31 14:00:00,220,42,130,1937,0
2021-12-31 15:00:00,241,35,97,3270,0
2021-12-31 18:00:00,157,38,116,3071,0
2021-12-31 19:00:00,94,35,138,3345,0
2021-12-31 20:00:00,73,20,334,3189,0
2021-12-31 21:00:00,52,18,549,2411,0
2021-12-31 22:00:00,11,13,919,3011,0
2021-12-31 23:00:00,5,1,906,1276,0
2022-01-01 00:00:00,15,8,963,2527,0
2022-01-01 01:00:00,24,6,1168,980,0
2022-01-01 02:00:00,52,13,1116,1662,0
2022-01-01 03:00:00,81,15,1175,407,0
2022-01-01 04:00:00,99,21,1196,372,0
2022-01-01 05:00:00,153,23,1337,489,0
2022-01-01 06:00:00,140,27,1101,621,0
2022-01-01 07:00:00,156,38,1353,826,0
2022-01-01 08:00:00,162,38,1029,1256,0
2022-01-01 09:00:00,173,33,1003,2724,0
2022-01-01 10:00:00,167,34,845,1963,0
2022-01-01 11:00:00,184,32,695,2466,0
2022-01-01 12:00:00,181,46,431,2897,0
2022-01-01 13:00:00,185,46,533,3385,0
2022-01-01 14:00:00,241,36,458,2169,0
2022-01-01 15:00:00,286,47,240,2930,0
2022-01-01 18:00:00,117,32,128,1651,0
2022-01-01 19:00:00,96,23,76,2845,0
2022-01-01 20:00:00,22,28,101,3077,0
2022-01-01 21:00:00,39,13,167,2837,0
2022-01-01 22:00:00,43,5,501,2993,0
2022-01-01 23:00:00,28,5,599,1408,0
2022-01-02 00:00:00,24,10,841,2795,0
2022-01-02 01:00:00,40,10,999,1220,0
2022-01-02 02:00:00,48,14,1107,2452,0
2022-01-02 03:00:00,66,21,1430,1136,0
2022-01-02 04:00:00,102,17,1254,2033,0
2022-01-02 05:00:00,128,23,1445,464,0
2022-01-02 06:00:00,149,30,1326,374,0
2022-01-02 07:00:00,138,33,1437,450,0
2022-01-02 08:00:00,168,37,1253,594,0
2022-01-02 09:00:00,160,49,1249,749,0
2022-01-02 10:00:00,155,42,1014,1101,0
2022-01-02 11:00:00,173,33,1009,2071,0
2022-01-02 12:00:00,190,43,1190,1670,0
2022-01-02 13:00:00,213,42,697,1924,0
2022-01-02 14:00:00,271,49,651,2187,0
2022-01-02 15:00:00,295,50,559,2557,0
2022-01-02 18:00:00,116,34,334,2026,0
2022-01-02 19:00:00,43,18,147,2710,0
2022-01-02 20:00:00,56,20,93,1630,0
2022-01-02 21:00:00,40,8,73,2588,0
2022-01-02 22:00:00,34,6,106,2718,0
2022-01-02 23:00:00,31,10,205,3182,0
2022-01-03 00:00:00,29,7,710,2801,0
2022-01-03 01:00:00,48,16,665,2137,0
2022-01-03 02:00:00,68,9,832,2495,0
2022-01-03 03:00:00,82,24,991,1109,0
2022-01-03 04:00:00,104,22,1063,2334,0
2022-01-03 05:00:00,128,28,1293,906,0
2022-01-03 06:00:00,135,37,1245,1210,0
2022-01-03 07:00:00,152,36,1285,484,0
2022-01-03 08:00:00,166,39,1304,606,0
2022-01-03 09:00:00,151,41,1495,465,0
2022-01-03 10:00:00,150,47,1340,402,0
2022-01-03 11:00:00,186,51,1296,578,0
2022-01-03 12:00:00,209,45,1014,683,0
2022-01-03 13:00:00,227,52,863,1751,0
2022-01-03 14:00:00,265,52,981,1533,0
2022-01-03 15:00:00,255,56,877,1672,0
2022-01-03 17:00:00,151,51,725,2198,0
2022-01-04 16:00:00,256,75,619,2682,0
2022-01-04 17:00:00,181,67,535,1894,0
2022-01-05 16:00:00,289,87,180,2503,0
2022-01-05 17:00:00,236,82,138,1685,0
2022-01-06 16:00:00,332,79,128,2539,0
2022-01-03 18:00:00,139,40,120,2851,0
2022-01-03 19:00:00,83,27,348,3143,0
2022-01-03 20:00:00,26,21,724,2728,0
2022-01-03 21:00:00,48,20,766,2164,0
2022-01-03 22:00:00,53,9,957,2697,0
2022-01-03 23:00:00,21,16,1183,1238,0
2022-01-04 00:00:00,35,4,1067,2454,0
2022-01-04 01:00:00,54,17,1123,949,0
2022-01-04 02:00:00,83,20,1077,1210,0
2022-01-04 03:00:00,96,30,1191,402,0
2022-01-04 04:00:00,137,24,1547,438,0
2022-01-04 05:00:00,161,46,1336,438,0
2022-01-04 06:00:00,117,39,1206,521,0
2022-01-04 07:00:00,158,49,1156,738,0
2022-01-04 08:00:00,191,48,1133,1178,0
2022-01-04 09:00:00,176,50,1322,2316,0
2022-01-04 10:00:00,180,29,1303,1739,0
2022-01-04 11:00:00,205,47,950,1810,0
2022-01-04 12:00:00,226,49,600,1889,0
2022-01-04 13:00:00,292,52,643,2412,0
2022-01-04 14:00:00,504,59,434,1590,0
2022-01-04 15:00:00,371,81,184,2556,0
2022-01-04 18:00:00,134,49,118,1662,0
2022-01-04 19:00:00,57,26,102,2589,0
2022-01-04 20:00:00,54,12,123,2682,0
2022-01-04 21:00:00,31,10,255,2885,0
2022-01-04 22:00:00,33,12,673,2570,0
2022-01-04 23:00:00,32,11,896,2201,0
2022-01-05 00:00:00,37,9,1060,2513,0
2022-01-05 01:00:00,48,18,1249,997,0
2022-01-05 02:00:00,90,18,1131,1850,0
2022-01-05 03:00:00,113,25,1430,613,0
2022-01-05 04:00:00,149,40,1392,1066,0
2022-01-05 05:00:00,155,34,1388,274,0
2022-01-05 06:00:00,172,30,1543,283,0
2022-01-05 07:00:00,154,37,1595,292,0
2022-01-05 08:00:00,177,45,1353,460,0
2022-01-05 09:00:00,186,36,1481,1086,0
2022-01-05 10:00:00,220,51,1388,1192,0
2022-01-05 11:00:00,258,56,1392,1774,0
2022-01-05 12:00:00,244,62,1248,1359,0
2022-01-05 13:00:00,303,69,943,1269,0
2022-01-05 14:00:00,425,63,826,1117,0
2022-01-05 15:00:00,411,72,906,1889,0
2022-01-05 18:00:00,177,54,998,1133,0
2022-01-05 19:00:00,121,35,249,2191,0
2022-01-05 20:00:00,51,29,174,1345,0
2022-01-05 21:00:00,56,16,139,2586,0
2022-01-05 22:00:00,63,18,155,2340,0
2022-01-05 23:00:00,68,12,265,2777,0
2022-01-06 00:00:00,53,14,643,2494,0
2022-01-06 01:00:00,80,14,825,2081,0
2022-01-06 02:00:00,97,21,988,3293,0
2022-01-06 03:00:00,122,16,1094,721,0
2022-01-06 04:00:00,161,24,1167,1915,0
2022-01-06 05:00:00,178,39,1350,960,0
2022-01-06 06:00:00,166,40,1315,1949,0
2022-01-06 07:00:00,190,56,1493,599,0
2022-01-06 08:00:00,183,40,1507,378,0
2022-01-06 09:00:00,197,37,1544,364,0
2022-01-06 10:00:00,217,56,1266,383,0
2022-01-06 11:00:00,221,55,1655,676,0
2022-01-06 12:00:00,276,54,1459,1423,0
2022-01-06 13:00:00,320,59,1417,2110,0
2022-01-06 14:00:00,460,70,1482,1680,0
2022-01-06 15:00:00,436,69,1065,2002,0
2022-01-06 17:00:00,242,71,1070,2237,0
2022-01-07 16:00:00,267,70,1194,2495,0
2022-01-07 17:00:00,271,74,724,1681,0
2022-01-08 16:00:00,270,86,373,2507,0
2022-01-08 17:00:00,207,69,205,1610,0
2022-01-09 16:00:00,240,75,170,2546,0
2022-01-09 17:00:00,171,55,165,2667,0
2022-01-10 16:00:00,307,92,265,2821,0
2022-01-06 18:00:00,196,62,761,2467,0
2022-01-06 19:00:00,126,38,882,1999,0
2022-01-06 20:00:00,43,26,992,2383,0
2022-01-06 21:00:00,71,24,1197,1039,0
2022-01-06 22:00:00,56,17,1195,2044,0
2022-01-06 23:00:00,51,9,1473,711,0
2022-01-07 00:00:00,68,9,1364,1429,0
2022-01-07 01:00:00,84,19,1622,415,0
2022-01-07 02:00:00,107,29,1497,530,0
2022-01-07 03:00:00,130,34,1765,400,0
2022-01-07 04:00:00,188,47,1445,622,0
2022-01-07 05:00:00,178,44,1495,630,0
2022-01-07 06:00:00,213,51,1434,879,0
2022-01-07 07:00:00,229,57,1318,2002,0
2022-01-07 08:00:00,180,59,1263,1601,0
2022-01-07 09:00:00,198,48,942,1867,0
2022-01-07 10:00:00,239,39,770,2103,0
2022-01-07 11:00:00,235,41,889,2668,0
2022-01-07 12:00:00,249,63,623,1812,0
2022-01-07 13:00:00,292,68,332,2522,0
2022-01-07 14:00:00,357,70,224,1554,0
2022-01-07 15:00:00,396,70,176,2460,0
2022-01-07 18:00:00,194,65,135,2876,0
2022-01-07 19:00:00,141,39,275,2517,0
2022-01-07 20:00:00,47,23,653,2249,0
2022-01-07 21:00:00,90,18,793,2160,0
2022-01-07 22:00:00,46,23,988,2384,0
2022-01-07 23:00:00,42,13,1201,1176,0
2022-01-08 00:00:00,51,10,1170,2215,0
2022-01-08 01:00:00,90,19,1477,689,0
2022-01-08 02:00:00,96,23,1390,1313,0
2022-01-08 03:00:00,123,30,1462,499,0
2022-01-08 04:00:00,171,38,1444,344,0
2022-01-08 05:00:00,194,42,1536,461,0
2022-01-08 06:00:00,185,46,1363,691,0
2022-01-08 07:00:00,207,47,1477,621,0
2022-01-08 08:00:00,192,48,1340,824,0
2022-01-08 09:00:00,251,54,1206,1998,0
2022-01-08 10:00:00,202,58,1146,1645,0
2022-01-08 11:00:00,209,46,930,2078,0
2022-01-08 12:00:00,235,51,892,2336,0
2022-01-08 13:00:00,277,50,911,2588,0
2022-01-08 14:00:00,342,64,490,1803,0
2022-01-08 15:00:00,364,74,249,2420,0
2022-01-08 18:00:00,197,50,168,1743,0
2022-01-08 19:00:00,161,47,133,2755,0
2022-01-08 20:00:00,24,22,171,2855,0
2022-01-08 21:00:00,67,28,261,2622,0
2022-01-08 22:00:00,34,5,615,2120,0
2022-01-08 23:00:00,43,12,778,2017,0
2022-01-09 00:00:00,55,8,974,2661,0
2022-01-09 01:00:00,57,15,1107,1062,0
2022-01-09 02:00:00,93,23,1202,2460,0
2022-01-09 03:00:00,117,23,1499,953,0
2022-01-09 04:00:00,148,35,1272,1805,0
2022-01-09 05:00:00,165,29,1561,589,0
2022-01-09 06:00:00,152,42,1480,414,0
2022-01-09 07:00:00,194,43,1665,388,0
2022-01-09 08:00:00,201,41,1357,441,0
2022-01-09 09:00:00,228,69,1515,461,0
2022-01-09 10:00:00,218,48,1386,850,0
2022-01-09 11:00:00,238,49,1279,2374,0
2022-01-09 12:00:00,222,54,1296,1772,0
2022-01-09 13:00:00,261,60,876,2111,0
2022-01-09 14:00:00,344,57,746,2304,0
2022-01-09 15:00:00,305,58,775,2831,0
2022-01-09 18:00:00,162,35,637,1561,0
2022-01-09 19:00:00,79,27,209,2234,0
2022-01-09 20:00:00,103,29,153,1370,0
2022-01-09 21:00:00,70,23,149,2245,0
2022-01-09 22:00:00,50,18,181,2497,0
2022-01-09 23:00:00,35,11,296,2482,0
2022-01-10 00:00:00,49,15,750,2124,0
2022-01-10 01:00:00,73,18,1066,1952,0
2022-01-10 02:00:00,93,26,984,2385,0
2022-01-10 03:00:00,118,31,1179,919,0
2022-01-10 04:00:00,145,32,1175,2011,0
2022-01-10 05:00:00,182,40,1582,811,0
2022-01-10 06:00:00,215,37,1463,1467,0
2022-01-10 07:00:00,226,58,1697,457,0
2022-01-10 08:00:00,194,57,1580,349,0
2022-01-10 09:00:00,195,56,1765,413,0
2022-01-10 10:00:00,256,57,1385,473,0
2022-01-10 11:00:00,279,52,1468,530,0
2022-01-10 12:00:00,300,65,1404,817,0
2022-01-10 13:00:00,296,64,1235,1824,0
2022-01-10 14:00:00,383,69,1263,1454,0
2022-01-10 15:00:00,462,90,1100,1948,0
2022-01-10 17:00:00,247,81,784,2205,0
2022-01-11 16:00:00,304,80,762,2689,0
2022-01-11 17:00:00,249,84,532,1445,0
2022-01-12 16:00:00,333,83,221,2241,0
2022-01-12 17:00:00,241,86,113,1169,0
2022-01-13 16:00:00,308,74,115,2038,0
2022-01-13 17:00:00,235,77,154,2375,0
2022-01-14 16:00:00,297,73,282,2589,0
2022-01-10 18:00:00,179,58,724,2884,0
2022-01-10 19:00:00,89,42,958,2336,0
2022-01-10 20:00:00,69,22,1060,2552,0
2022-01-10 21:00:00,66,21,1232,1033,0
2022-01-10 22:00:00,53,11,1267,1874,0
2022-01-10 23:00:00,47,9,1577,649,0
2022-01-11 00:00:00,52,12,1472,1131,0
2022-01-11 01:00:00,95,20,1650,291,0
2022-01-11 02:00:00,151,21,1642,267,0
2022-01-11 03:00:00,160,40,1648,251,0
2022-01-11 04:00:00,173,38,1463,314,0
2022-01-11 05:00:00,191,43,1515,458,0
2022-01-11 06:00:00,220,45,1336,601,0
2022-01-11 07:00:00,232,42,1275,1698,0
2022-01-11 08:00:00,239,57,1239,1059,0
2022-01-11 09:00:00,243,59,1016,1366,0
2022-01-11 10:00:00,210,64,790,1742,0
2022-01-11 11:00:00,269,58,799,2060,0
2022-01-11 12:00:00,283,61,562,1295,0
2022-01-11 13:00:00,328,78,181,1939,0
2022-01-11 14:00:00,400,71,130,1137,0
2022-01-11 15:00:00,416,50,141,1944,0
2022-01-11 18:00:00,184,69,194,2366,0
2022-01-11 19:00:00,112,45,343,1974,0
2022-01-11 20:00:00,77,13,792,2020,0
2022-01-11 21:00:00,66,18,858,1882,0
2022-01-11 22:00:00,21,5,1031,2196,0
2022-01-11 23:00:00,13,12,1104,967,0
2022-01-12 00:00:00,70,15,1036,1618,0
2022-01-12 01:00:00,88,15,1250,783,0
2022-01-12 02:00:00,133,20,1115,1178,0
2022-01-12 03:00:00,153,30,1190,327,0
2022-01-12 04:00:00,189,44,1412,255,0
2022-01-12 05:00:00,174,48,1380,230,0
2022-01-12 06:00:00,218,54,1352,221,0
2022-01-12 07:00:00,203,55,1170,531,0
2022-01-12 08:00:00,236,44,1276,960,0
2022-01-12 09:00:00,244,63,1230,1691,0
2022-01-12 10:00:00,230,68,1246,1200,0
2022-01-12 11:00:00,250,60,963,1548,0
2022-01-12 12:00:00,299,69,920,1833,0
2022-01-12 13:00:00,322,76,1005,2169,0
2022-01-12 14:00:00,387,65,594,1214,0
2022-01-12 15:00:00,388,72,224,1701,0
2022-01-12 18:00:00,160,46,166,812,0
2022-01-12 19:00:00,113,48,145,1815,0
2022-01-12 20:00:00,47,16,210,1812,0
2022-01-12 21:00:00,72,15,341,2334,0
2022-01-12 22:00:00,45,16,710,1927,0
2022-01-12 23:00:00,47,21,963,1635,0
2022-01-13 00:00:00,54,9,953,2111,0
2022-01-13 01:00:00,67,15,1167,834,0
2022-01-13 02:00:00,125,40,1230,1870,0
2022-01-13 03:00:00,138,26,1486,704,0
2022-01-13 04:00:00,165,29,1421,1652,0
2022-01-13 05:00:00,178,40,1510,331,0
2022-01-13 06:00:00,192,48,1583,269,0
2022-01-13 07:00:00,236,52,1556,232,0
2022-01-13 08:00:00,209,58,1422,427,0
2022-01-13 09:00:00,248,53,1531,368,0
2022-01-13 10:00:00,230,57,1347,814,0
2022-01-13 11:00:00,273,48,1313,1218,0
2022-01-13 12:00:00,257,80,1233,1287,0
2022-01-13 13:00:00,287,67,943,1563,0
2022-01-13 14:00:00,383,73,749,1818,0
2022-01-13 15:00:00,443,80,840,2512,0
2022-01-13 18:00:00,195,79,532,1277,0
2022-01-13 19:00:00,130,34,270,1747,0
2022-01-13 20:00:00,69,15,173,940,0
2022-01-13 21:00:00,70,24,122,1922,0
2022-01-13 22:00:00,62,19,141,2236,0
2022-01-13 23:00:00,31,9,264,2589,0
2022-01-14 00:00:00,45,13,745,2380,0
2022-01-14 01:00:00,62,18,1050,2013,0
2022-01-14 02:00:00,114,17,1043,2080,0
2022-01-14 03:00:00,151,36,751,965,0
2022-01-14 04:00:00,124,23,787,1915,0
2022-01-14 05:00:00,154,36,924,677,0
2022-01-14 06:00:00,149,35,870,1362,0
2022-01-14 07:00:00,171,46,999,392,0
2022-01-14 08:00:00,152,39,1192,400,0
2022-01-14 09:00:00,211,44,1412,343,0
2022-01-14 10:00:00,231,44,1207,364,0
2022-01-14 11:00:00,201,65,1151,530,0
2022-01-14 12:00:00,256,56,1146,568,0
2022-01-14 13:00:00,274,65,1120,1738,0
2022-01-14 14:00:00,355,59,980,1064,0
2022-01-14 15:00:00,372,83,1483,1404,0
2022-01-14 17:00:00,236,66,763,1950,0
2022-01-15 16:00:00,240,73,769,2361,0
2022-01-15 17:00:00,205,78,634,1347,0
2022-01-16 16:00:00,304,74,327,1901,0
2022-01-16 17:00:00,230,95,217,1032,0
2022-01-17 16:00:00,267,88,141,1742,0
2022-01-17 17:00:00,200,78,99,2103,0
2022-01-14 18:00:00,154,60,205,1934,0
2022-01-14 19:00:00,131,30,589,2041,0
2022-01-14 20:00:00,48,29,666,1616,0
2022-01-14 21:00:00,78,19,770,2014,0
2022-01-14 22:00:00,60,15,952,1010,0
2022-01-14 23:00:00,39,10,914,2175,0
2022-01-15 00:00:00,38,12,1285,1003,0
2022-01-15 01:00:00,62,18,1118,1419,0
2022-01-15 02:00:00,99,20,1389,578,0
2022-01-15 03:00:00,123,35,1305,266,0
2022-01-15 04:00:00,134,35,1394,216,0
2022-01-15 05:00:00,191,44,1191,308,0
2022-01-15 06:00:00,183,40,1259,363,0
2022-01-15 07:00:00,180,43,1179,474,0
2022-01-15 08:00:00,184,45,1357,1232,0
2022-01-15 09:00:00,181,57,1087,1071,0
2022-01-15 10:00:00,206,52,929,1309,0
2022-01-15 11:00:00,207,52,4423,1519,0
2022-01-15 12:00:00,216,59,737,2207,0
2022-01-15 13:00:00,279,45,660,1064,0
2022-01-15 14:00:00,406,83,247,1667,0
2022-01-15 15:00:00,357,51,190,917,0
2022-01-15 18:00:00,168,64,213,1581,0
2022-01-15 19:00:00,145,51,204,1905,0
2022-01-15 20:00:00,29,29,157,1818,0
2022-01-15 21:00:00,61,18,525,2004,0
2022-01-15 22:00:00,57,14,578,1541,0
2022-01-15 23:00:00,30,15,800,1752,0
2022-01-16 00:00:00,28,11,980,648,0
2022-01-16 01:00:00,63,13,992,1741,0
2022-01-16 02:00:00,80,20,1319,404,0
2022-01-16 03:00:00,98,20,1137,1036,0
2022-01-16 04:00:00,150,32,1410,346,0
2022-01-16 05:00:00,150,45,1862,184,0
2022-01-16 06:00:00,164,38,1468,151,0
2022-01-16 07:00:00,185,43,1227,122,0
2022-01-16 08:00:00,155,45,1321,269,0
2022-01-16 09:00:00,181,43,1143,352,0
2022-01-16 10:00:00,186,57,1333,1131,0
2022-01-16 11:00:00,222,44,1197,743,0
2022-01-16 12:00:00,226,51,994,1024,0
2022-01-16 13:00:00,266,63,790,1120,0
2022-01-16 14:00:00,385,66,743,1893,0
2022-01-16 15:00:00,384,77,563,1029,0
2022-01-16 18:00:00,166,62,181,1677,0
2022-01-16 19:00:00,101,43,143,909,0
2022-01-16 20:00:00,46,18,104,1566,0
2022-01-16 21:00:00,56,15,146,1654,0
2022-01-16 22:00:00,42,22,219,1536,0
2022-01-16 23:00:00,40,8,662,1418,0
2022-01-17 00:00:00,39,16,762,1263,0
2022-01-17 01:00:00,53,13,948,1537,0
2022-01-17 02:00:00,85,24,1032,472,0
2022-01-17 03:00:00,102,24,1101,1279,0
2022-01-17 04:00:00,159,30,1421,298,0
2022-01-17 05:00:00,178,45,1274,1059,0
2022-01-17 06:00:00,191,42,1510,328,0
2022-01-17 07:00:00,181,45,1463,170,0
2022-01-17 08:00:00,222,47,1681,142,0
2022-01-17 09:00:00,200,45,1711,358,0
2022-01-17 10:00:00,224,64,1383,322,0
2022-01-17 11:00:00,223,48,1291,314,0
2022-01-17 12:00:00,247,60,1518,658,0
2022-01-17 13:00:00,265,58,1568,806,0
2022-01-17 14:00:00,461,59,851,772,0
2022-01-17 15:00:00,397,82,698,1182,0
2022-01-17 18:00:00,141,48,823,1916,0
2022-01-17 19:00:00,101,42,1109,1056,0
2022-01-17 20:00:00,22,29,332,917,0
2022-01-17 21:00:00,48,16,159,760,0
2022-01-17 22:00:00,44,12,121,857,0
2022-01-17 23:00:00,40,12,151,1462,0
2022-01-18 00:00:00,42,14,342,776,0
2022-01-18 01:00:00,71,21,707,1495,0
2022-01-18 02:00:00,89,17,795,751,0
2022-01-18 03:00:00,117,23,964,1516,0
2022-01-18 04:00:00,178,28,1147,535,0
2022-01-18 05:00:00,167,43,1180,1279,0
2022-01-18 06:00:00,169,48,1436,398,0
2022-01-18 07:00:00,210,39,1342,904,0
2022-01-18 08:00:00,278,54,1568,187,0
2022-01-18 09:00:00,64,26,622,79,0
